﻿Designator,Footprint,Quantity,Value,LCSC Part #
"C1, C2, C4",0805,3,1.0uF,
C3,Panasonic_D,1,100uF,
"C7, C8, C9",CP_EIA-3216-10_Kemet-I_Pad1.58x1.35mm_HandSolder,3,1uF,
D1,D_SMB,1,Zener 13V SMBJ5350B,
F1,1206,1,1206L050/15YR 15V/500mA PTC,
J1,IDC-Header_2x10_P2.54mm_Vertical,1,Panel1,
J2,IDC-Header_2x10_P2.54mm_Vertical,1,Panel2,
J3,IDC-Header_2x10_P2.54mm_Vertical,1,Panel3,
"J4, J5",IDC-Header_2x05_P2.54mm_Vertical,2,IIC+12V,
J6,PinHeader_1x10_P2.54mm_Vertical,1,Conn_01x10_Pin,
"R1, R2, R3, R4, R6, R7, R8, R9",0805,8,20K,
R5,0805,1,10K,
RV1,1206,1,18V MOV MVR1206-180G,
U1,TQFP-48-1EP_7x7mm_P0.5mm_EP5x5mm,1,IS31FL3733-TQ,
U2,SOT-223-3_TabPin2,1,AMS1117-5.0,
